Category,Slope,P-value,R-squared
Overall Escherichia coli Prevalence Trend,-0.3292181818181818,0.003996072766605272,0.6657376703555813
Prevalence by Ward Type: ICU (Escherichia coli),0.16646666666666665,0.09042279313173034,0.316556171252612
Prevalence by Ward Type: IN (Escherichia coli),-1.8904181818181818,0.0004681366090666091,0.800976205998088
Prevalence by Ward Type: OUT (Escherichia coli),1.2075878787878789,0.0019058491351242044,0.7201571924126502
Prevalence by Specimen: Blood (Escherichia coli),-0.21561818181818174,0.0025016626380363624,0.7012180105721776
Prevalence by Specimen: Sputum (Escherichia coli),-0.23095151515151519,0.014837872544720267,0.5444785429693111
Prevalence by Specimen: Urine (Escherichia coli),1.0073272727272726,0.0016689693758032656,0.7289771740086484
Prevalence by Specimen: other (Escherichia coli),-0.560769696969697,0.021845452093203165,0.5018660525798636
